{
 "results": [
  {
   "results": [
    {
     "textDetection": {
      "pages": [
       {
        "blocks": [
         {
          "boundingBox": {
           "vertices": [
            {
             "x": "114",
             "y": "72"
            },
            {
             "x": "114",
             "y": "108"
            },
            {
             "x": "299",
             "y": "108"
            },
            {
             "x": "299",
             "y": "72"
            }
           ]
          },
          "lines": [
           {
            "boundingBox": {
             "vertices": [
              {
               "x": "114",
               "y": "72"
              },
              {
               "x": "114",
               "y": "108"
              },
              {
               "x": "299",
               "y": "108"
              },
              {
               "x": "299",
               "y": "72"
              }
             ]
            },
            "words": [
             {
              "boundingBox": {
               "vertices": [
                {
                 "x": "114",
                 "y": "72"
                },
                {
                 "x": "114",
                 "y": "109"
                },
                {
                 "x": "299",
                 "y": "109"
                },
                {
                 "x": "299",
                 "y": "72"
                }
               ]
              },
              "languages": [
               {
                "languageCode": "en",
                "confidence": 0.885393858
               }
              ],
              "text": "Colgate",
              "confidence": 0.885393858,
              "entityIndex": "-1"
             }
            ],
            "confidence": 0.885393858
           }
          ]
         },
         {
          "boundingBox": {
           "vertices": [
            {
             "x": "740",
             "y": "127"
            },
            {
             "x": "740",
             "y": "154"
            },
            {
             "x": "933",
             "y": "154"
            },
            {
             "x": "933",
             "y": "127"
            }
           ]
          },
          "lines": [
           {
            "boundingBox": {
             "vertices": [
              {
               "x": "740",
               "y": "127"
              },
              {
               "x": "740",
               "y": "154"
              },
              {
               "x": "933",
               "y": "154"
              },
              {
               "x": "933",
               "y": "127"
              }
             ]
            },
            "words": [
             {
              "boundingBox": {
               "vertices": [
                {
                 "x": "740",
                 "y": "128"
                },
                {
                 "x": "740",
                 "y": "156"
                },
                {
                 "x": "933",
                 "y": "156"
                },
                {
                 "x": "933",
                 "y": "128"
                }
               ]
              },
              "languages": [
               {
                "languageCode": "ru",
                "confidence": 0.8966219425
               }
              ],
              "text": "12-часовая",
              "confidence": 0.8966219425,
              "entityIndex": "-1"
             }
            ],
            "confidence": 0.8966219425
           }
          ]
         },
         {
          "boundingBox": {
           "vertices": [
            {
             "x": "662",
             "y": "164"
            },
            {
             "x": "662",
             "y": "192"
            },
            {
             "x": "1015",
             "y": "192"
            },
            {
             "x": "1015",
             "y": "164"
            }
           ]
          },
          "lines": [
           {
            "boundingBox": {
             "vertices": [
              {
               "x": "662",
               "y": "164"
              },
              {
               "x": "662",
               "y": "192"
              },
              {
               "x": "1015",
               "y": "192"
              },
              {
               "x": "1015",
               "y": "164"
              }
             ]
            },
            "words": [
             {
              "boundingBox": {
               "vertices": [
                {
                 "x": "662",
                 "y": "165"
                },
                {
                 "x": "662",
                 "y": "192"
                },
                {
                 "x": "1015",
                 "y": "192"
                },
                {
                 "x": "1015",
                 "y": "165"
                }
               ]
              },
              "languages": [
               {
                "languageCode": "ru",
                "confidence": 0.8655700684
               }
              ],
              "text": "антибактериальная",
              "confidence": 0.8655700684,
              "entityIndex": "-1"
             }
            ],
            "confidence": 0.8655700684
           }
          ]
         },
         {
          "boundingBox": {
           "vertices": [
            {
             "x": "773",
             "y": "202"
            },
            {
             "x": "773",
             "y": "227"
            },
            {
             "x": "904",
             "y": "227"
            },
            {
             "x": "904",
             "y": "202"
            }
           ]
          },
          "lines": [
           {
            "boundingBox": {
             "vertices": [
              {
               "x": "773",
               "y": "202"
              },
              {
               "x": "773",
               "y": "227"
              },
              {
               "x": "904",
               "y": "227"
              },
              {
               "x": "904",
               "y": "202"
              }
             ]
            },
            "words": [
             {
              "boundingBox": {
               "vertices": [
                {
                 "x": "773",
                 "y": "202"
                },
                {
                 "x": "773",
                 "y": "228"
                },
                {
                 "x": "904",
                 "y": "228"
                },
                {
                 "x": "904",
                 "y": "202"
                }
               ]
              },
              "languages": [
               {
                "languageCode": "ru",
                "confidence": 0.895090878
               }
              ],
              "text": "защита",
              "confidence": 0.895090878,
              "entityIndex": "-1"
             }
            ],
            "confidence": 0.895090878
           }
          ]
         },
         {
          "boundingBox": {
           "vertices": [
            {
             "x": "42",
             "y": "491"
            },
            {
             "x": "42",
             "y": "521"
            },
            {
             "x": "640",
             "y": "521"
            },
            {
             "x": "640",
             "y": "491"
            }
           ]
          },
          "lines": [
           {
            "boundingBox": {
             "vertices": [
              {
               "x": "42",
               "y": "491"
              },
              {
               "x": "42",
               "y": "521"
              },
              {
               "x": "640",
               "y": "521"
              },
              {
               "x": "640",
               "y": "491"
              }
             ]
            },
            "words": [
             {
              "boundingBox": {
               "vertices": [
                {
                 "x": "42",
                 "y": "490"
                },
                {
                 "x": "42",
                 "y": "518"
                },
                {
                 "x": "180",
                 "y": "518"
                },
                {
                 "x": "180",
                 "y": "490"
                }
               ]
              },
              "languages": [
               {
                "languageCode": "ru",
                "confidence": 0.8812650442
               }
              ],
              "text": "Colgate",
              "confidence": 0.8812650442,
              "entityIndex": "-1"
             },
             {
              "boundingBox": {
               "vertices": [
                {
                 "x": "194",
                 "y": "491"
                },
                {
                 "x": "194",
                 "y": "519"
                },
                {
                 "x": "279",
                 "y": "519"
                },
                {
                 "x": "279",
                 "y": "491"
                }
               ]
              },
              "languages": [
               {
                "languageCode": "ru",
                "confidence": 0.8812650442
               }
              ],
              "text": "Total",
              "confidence": 0.8812650442,
              "entityIndex": "-1"
             },
             {
              "boundingBox": {
               "vertices": [
                {
                 "x": "290",
                 "y": "491"
                },
                {
                 "x": "290",
                 "y": "519"
                },
                {
                 "x": "302",
                 "y": "519"
                },
                {
                 "x": "302",
                 "y": "491"
                }
               ]
              },
              "languages": [
               {
                "languageCode": "ru",
                "confidence": 0.8812650442
               }
              ],
              "text": "-",
              "confidence": 0.8812650442,
              "entityIndex": "-1"
             },
             {
              "boundingBox": {
               "vertices": [
                {
                 "x": "314",
                 "y": "491"
                },
                {
                 "x": "314",
                 "y": "520"
                },
                {
                 "x": "513",
                 "y": "520"
                },
                {
                 "x": "513",
                 "y": "491"
                }
               ]
              },
              "languages": [
               {
                "languageCode": "ru",
                "confidence": 0.8812650442
               }
              ],
              "text": "очевидный",
              "confidence": 0.8812650442,
              "entityIndex": "-1"
             },
             {
              "boundingBox": {
               "vertices": [
                {
                 "x": "527",
                 "y": "492"
                },
                {
                 "x": "527",
                 "y": "520"
                },
                {
                 "x": "640",
                 "y": "520"
                },
                {
                 "x": "640",
                 "y": "492"
                }
               ]
              },
              "languages": [
               {
                "languageCode": "ru",
                "confidence": 0.8812650442
               }
              ],
              "text": "выбор",
              "confidence": 0.8812650442,
              "entityIndex": "-1"
             }
            ],
            "confidence": 0.8812650442
           }
          ]
         },
         {
          "boundingBox": {
           "vertices": [
            {
             "x": "679",
             "y": "449"
            },
            {
             "x": "679",
             "y": "495"
            },
            {
             "x": "849",
             "y": "495"
            },
            {
             "x": "849",
             "y": "449"
            }
           ]
          },
          "lines": [
           {
            "boundingBox": {
             "vertices": [
              {
               "x": "679",
               "y": "449"
              },
              {
               "x": "679",
               "y": "495"
              },
              {
               "x": "849",
               "y": "495"
              },
              {
               "x": "849",
               "y": "449"
              }
             ]
            },
            "words": [
             {
              "boundingBox": {
               "vertices": [
                {
                 "x": "679",
                 "y": "448"
                },
                {
                 "x": "679",
                 "y": "489"
                },
                {
                 "x": "849",
                 "y": "489"
                },
                {
                 "x": "849",
                 "y": "448"
                }
               ]
              },
              "languages": [
               {
                "languageCode": "en",
                "confidence": 0.9534564018
               }
              ],
              "text": "Colgate",
              "confidence": 0.9534564018,
              "entityIndex": "-1"
             }
            ],
            "confidence": 0.9534564018
           }
          ]
         },
         {
          "boundingBox": {
           "vertices": [
            {
             "x": "980",
             "y": "455"
            },
            {
             "x": "980",
             "y": "480"
            },
            {
             "x": "1009",
             "y": "480"
            },
            {
             "x": "1009",
             "y": "455"
            }
           ]
          },
          "lines": [
           {
            "boundingBox": {
             "vertices": [
              {
               "x": "980",
               "y": "455"
              },
              {
               "x": "980",
               "y": "480"
              },
              {
               "x": "1009",
               "y": "480"
              },
              {
               "x": "1009",
               "y": "455"
              }
             ]
            },
            "words": [
             {
              "boundingBox": {
               "vertices": [
                {
                 "x": "980",
                 "y": "453"
                },
                {
                 "x": "980",
                 "y": "480"
                },
                {
                 "x": "1009",
                 "y": "480"
                },
                {
                 "x": "1009",
                 "y": "453"
                }
               ]
              },
              "languages": [
               {
                "languageCode": "ru",
                "confidence": 0.7572258711
               }
              ],
              "text": "12",
              "confidence": 0.7572258711,
              "entityIndex": "-1"
             }
            ],
            "confidence": 0.7572258711
           }
          ]
         },
         {
          "boundingBox": {
           "vertices": [
            {
             "x": "1011",
             "y": "502"
            },
            {
             "x": "1011",
             "y": "521"
            },
            {
             "x": "1046",
             "y": "521"
            },
            {
             "x": "1046",
             "y": "502"
            }
           ]
          },
          "lines": [
           {
            "boundingBox": {
             "vertices": [
              {
               "x": "1011",
               "y": "502"
              },
              {
               "x": "1011",
               "y": "513"
              },
              {
               "x": "1046",
               "y": "513"
              },
              {
               "x": "1046",
               "y": "502"
              }
             ]
            },
            "words": [
             {
              "boundingBox": {
               "vertices": [
                {
                 "x": "1011",
                 "y": "503"
                },
                {
                 "x": "1011",
                 "y": "512"
                },
                {
                 "x": "1046",
                 "y": "512"
                },
                {
                 "x": "1046",
                 "y": "503"
                }
               ]
              },
              "languages": [
               {
                "languageCode": "ru",
                "confidence": 0.8700482249
               }
              ],
              "text": "чистая",
              "confidence": 0.8700482249,
              "entityIndex": "-1"
             }
            ],
            "confidence": 0.8700482249
           },
           {
            "boundingBox": {
             "vertices": [
              {
               "x": "1021",
               "y": "512"
              },
              {
               "x": "1021",
               "y": "521"
              },
              {
               "x": "1044",
               "y": "521"
              },
              {
               "x": "1044",
               "y": "512"
              }
             ]
            },
            "words": [
             {
              "boundingBox": {
               "vertices": [
                {
                 "x": "1021",
                 "y": "512"
                },
                {
                 "x": "1021",
                 "y": "522"
                },
                {
                 "x": "1044",
                 "y": "522"
                },
                {
                 "x": "1044",
                 "y": "512"
                }
               ]
              },
              "languages": [
               {
                "languageCode": "ru",
                "confidence": 0.8085702062
               }
              ],
              "text": "МЯТА",
              "confidence": 0.8085702062,
              "entityIndex": "-1"
             }
            ],
            "confidence": 0.8085702062
           }
          ]
         },
         {
          "boundingBox": {
           "vertices": [
            {
             "x": "103",
             "y": "534"
            },
            {
             "x": "103",
             "y": "549"
            },
            {
             "x": "576",
             "y": "549"
            },
            {
             "x": "576",
             "y": "534"
            }
           ]
          },
          "lines": [
           {
            "boundingBox": {
             "vertices": [
              {
               "x": "103",
               "y": "534"
              },
              {
               "x": "103",
               "y": "549"
              },
              {
               "x": "576",
               "y": "549"
              },
              {
               "x": "576",
               "y": "534"
              }
             ]
            },
            "words": [
             {
              "boundingBox": {
               "vertices": [
                {
                 "x": "103",
                 "y": "534"
                },
                {
                 "x": "103",
                 "y": "549"
                },
                {
                 "x": "145",
                 "y": "549"
                },
                {
                 "x": "145",
                 "y": "534"
                }
               ]
              },
              "languages": [
               {
                "languageCode": "ru",
                "confidence": 0.8566271663
               }
              ],
              "text": "*при",
              "confidence": 0.8566271663,
              "entityIndex": "-1"
             },
             {
              "boundingBox": {
               "vertices": [
                {
                 "x": "152",
                 "y": "534"
                },
                {
                 "x": "152",
                 "y": "549"
                },
                {
                 "x": "262",
                 "y": "549"
                },
                {
                 "x": "262",
                 "y": "534"
                }
               ]
              },
              "languages": [
               {
                "languageCode": "ru",
                "confidence": 0.8566271663
               }
              ],
              "text": "ежедневном",
              "confidence": 0.8566271663,
              "entityIndex": "-1"
             },
             {
              "boundingBox": {
               "vertices": [
                {
                 "x": "271",
                 "y": "534"
                },
                {
                 "x": "271",
                 "y": "549"
                },
                {
                 "x": "401",
                 "y": "549"
                },
                {
                 "x": "401",
                 "y": "534"
                }
               ]
              },
              "languages": [
               {
                "languageCode": "ru",
                "confidence": 0.8566271663
               }
              ],
              "text": "использовании",
              "confidence": 0.8566271663,
              "entityIndex": "-1"
             },
             {
              "boundingBox": {
               "vertices": [
                {
                 "x": "409",
                 "y": "534"
                },
                {
                 "x": "409",
                 "y": "549"
                },
                {
                 "x": "417",
                 "y": "549"
                },
                {
                 "x": "417",
                 "y": "534"
                }
               ]
              },
              "languages": [
               {
                "languageCode": "ru",
                "confidence": 0.8566271663
               }
              ],
              "text": "в",
              "confidence": 0.8566271663,
              "entityIndex": "-1"
             },
             {
              "boundingBox": {
               "vertices": [
                {
                 "x": "424",
                 "y": "534"
                },
                {
                 "x": "424",
                 "y": "549"
                },
                {
                 "x": "491",
                 "y": "549"
                },
                {
                 "x": "491",
                 "y": "534"
                }
               ]
              },
              "languages": [
               {
                "languageCode": "ru",
                "confidence": 0.8566271663
               }
              ],
              "text": "течение",
              "confidence": 0.8566271663,
              "entityIndex": "-1"
             },
             {
              "boundingBox": {
               "vertices": [
                {
                 "x": "498",
                 "y": "535"
                },
                {
                 "x": "498",
                 "y": "549"
                },
                {
                 "x": "506",
                 "y": "549"
                },
                {
                 "x": "506",
                 "y": "535"
                }
               ]
              },
              "languages": [
               {
                "languageCode": "ru",
                "confidence": 0.8566271663
               }
              ],
              "text": "4",
              "confidence": 0.8566271663,
              "entityIndex": "-1"
             },
             {
              "boundingBox": {
               "vertices": [
                {
                 "x": "513",
                 "y": "535"
                },
                {
                 "x": "513",
                 "y": "549"
                },
                {
                 "x": "576",
                 "y": "549"
                },
                {
                 "x": "576",
                 "y": "535"
                }
               ]
              },
              "languages": [
               {
                "languageCode": "ru",
                "confidence": 0.8566271663
               }
              ],
              "text": "недель",
              "confidence": 0.8566271663,
              "entityIndex": "-1"
             }
            ],
            "confidence": 0.8566271663
           }
          ]
         },
         {
          "boundingBox": {
           "vertices": [
            {
             "x": "1014",
             "y": "532"
            },
            {
             "x": "1014",
             "y": "543"
            },
            {
             "x": "1042",
             "y": "543"
            },
            {
             "x": "1042",
             "y": "532"
            }
           ]
          },
          "lines": [
           {
            "boundingBox": {
             "vertices": [
              {
               "x": "1014",
               "y": "532"
              },
              {
               "x": "1014",
               "y": "543"
              },
              {
               "x": "1042",
               "y": "543"
              },
              {
               "x": "1042",
               "y": "532"
              }
             ]
            },
            "words": [
             {
              "boundingBox": {
               "vertices": [
                {
                 "x": "1014",
                 "y": "532"
                },
                {
                 "x": "1014",
                 "y": "543"
                },
                {
                 "x": "1024",
                 "y": "543"
                },
                {
                 "x": "1024",
                 "y": "532"
                }
               ]
              },
              "languages": [
               {
                "languageCode": "ru",
                "confidence": 0.8560971022
               }
              ],
              "text": "15",
              "confidence": 0.8560971022,
              "entityIndex": "-1"
             },
             {
              "boundingBox": {
               "vertices": [
                {
                 "x": "1027",
                 "y": "532"
                },
                {
                 "x": "1027",
                 "y": "543"
                },
                {
                 "x": "1042",
                 "y": "543"
                },
                {
                 "x": "1042",
                 "y": "532"
                }
               ]
              },
              "languages": [
               {
                "languageCode": "ru",
                "confidence": 0.8560971022
               }
              ],
              "text": "млн",
              "confidence": 0.8560971022,
              "entityIndex": "-1"
             }
            ],
            "confidence": 0.8560971022
           }
          ]
         },
         {
          "boundingBox": {
           "vertices": [
            {
             "x": "18",
             "y": "577"
            },
            {
             "x": "18",
             "y": "592"
            },
            {
             "x": "1057",
             "y": "592"
            },
            {
             "x": "1057",
             "y": "577"
            }
           ]
          },
          "lines": [
           {
            "boundingBox": {
             "vertices": [
              {
               "x": "18",
               "y": "577"
              },
              {
               "x": "18",
               "y": "592"
              },
              {
               "x": "1057",
               "y": "592"
              },
              {
               "x": "1057",
               "y": "577"
              }
             ]
            },
            "words": [
             {
              "boundingBox": {
               "vertices": [
                {
                 "x": "18",
                 "y": "578"
                },
                {
                 "x": "18",
                 "y": "590"
                },
                {
                 "x": "35",
                 "y": "590"
                },
                {
                 "x": "35",
                 "y": "578"
                }
               ]
              },
              "languages": [
               {
                "languageCode": "ru",
                "confidence": 0.9198747277
               }
              ],
              "text": "АО",
              "confidence": 0.9198747277,
              "entityIndex": "-1"
             },
             {
              "boundingBox": {
               "vertices": [
                {
                 "x": "41",
                 "y": "578"
                },
                {
                 "x": "41",
                 "y": "590"
                },
                {
                 "x": "116",
                 "y": "590"
                },
                {
                 "x": "116",
                 "y": "578"
                }
               ]
              },
              "languages": [
               {
                "languageCode": "ru",
                "confidence": 0.9198747277
               }
              ],
              "text": "«ТОРГОВЫЙ",
              "confidence": 0.9198747277,
              "entityIndex": "-1"
             },
             {
              "boundingBox": {
               "vertices": [
                {
                 "x": "123",
                 "y": "578"
                },
                {
                 "x": "123",
                 "y": "590"
                },
                {
                 "x": "151",
                 "y": "590"
                },
                {
                 "x": "151",
                 "y": "578"
                }
               ]
              },
              "languages": [
               {
                "languageCode": "ru",
                "confidence": 0.9198747277
               }
              ],
              "text": "ДОМ",
              "confidence": 0.9198747277,
              "entityIndex": "-1"
             },
             {
              "boundingBox": {
               "vertices": [
                {
                 "x": "160",
                 "y": "577"
                },
                {
                 "x": "160",
                 "y": "590"
                },
                {
                 "x": "271",
                 "y": "590"
                },
                {
                 "x": "271",
                 "y": "577"
                }
               ]
              },
              "languages": [
               {
                "languageCode": "ru",
                "confidence": 0.9198747277
               }
              ],
              "text": "«ПЕРЕКРЕСТОК»,",
              "confidence": 0.9198747277,
              "entityIndex": "-1"
             },
             {
              "boundingBox": {
               "vertices": [
                {
                 "x": "276",
                 "y": "577"
                },
                {
                 "x": "276",
                 "y": "591"
                },
                {
                 "x": "306",
                 "y": "591"
                },
                {
                 "x": "306",
                 "y": "577"
                }
               ]
              },
              "languages": [
               {
                "languageCode": "ru",
                "confidence": 0.9198747277
               }
              ],
              "text": "ОГРН",
              "confidence": 0.9198747277,
              "entityIndex": "-1"
             },
             {
              "boundingBox": {
               "vertices": [
                {
                 "x": "313",
                 "y": "577"
                },
                {
                 "x": "313",
                 "y": "591"
                },
                {
                 "x": "419",
                 "y": "591"
                },
                {
                 "x": "419",
                 "y": "577"
                }
               ]
              },
              "languages": [
               {
                "languageCode": "ru",
                "confidence": 0.9198747277
               }
              ],
              "text": "1027700034493,",
              "confidence": 0.9198747277,
              "entityIndex": "-1"
             },
             {
              "boundingBox": {
               "vertices": [
                {
                 "x": "423",
                 "y": "577"
                },
                {
                 "x": "423",
                 "y": "591"
                },
                {
                 "x": "481",
                 "y": "591"
                },
                {
                 "x": "481",
                 "y": "577"
                }
               ]
              },
              "languages": [
               {
                "languageCode": "ru",
                "confidence": 0.9198747277
               }
              ],
              "text": "ИНН/КПП",
              "confidence": 0.9198747277,
              "entityIndex": "-1"
             },
             {
              "boundingBox": {
               "vertices": [
                {
                 "x": "488",
                 "y": "578"
                },
                {
                 "x": "488",
                 "y": "591"
                },
                {
                 "x": "645",
                 "y": "591"
                },
                {
                 "x": "645",
                 "y": "578"
                }
               ]
              },
              "languages": [
               {
                "languageCode": "ru",
                "confidence": 0.9198747277
               }
              ],
              "text": "7728029110/772201001,",
              "confidence": 0.9198747277,
              "entityIndex": "-1"
             },
             {
              "boundingBox": {
               "vertices": [
                {
                 "x": "649",
                 "y": "579"
                },
                {
                 "x": "649",
                 "y": "591"
                },
                {
                 "x": "697",
                 "y": "591"
                },
                {
                 "x": "697",
                 "y": "579"
                }
               ]
              },
              "languages": [
               {
                "languageCode": "ru",
                "confidence": 0.9198747277
               }
              ],
              "text": "109029,",
              "confidence": 0.9198747277,
              "entityIndex": "-1"
             },
             {
              "boundingBox": {
               "vertices": [
                {
                 "x": "702",
                 "y": "579"
                },
                {
                 "x": "702",
                 "y": "591"
                },
                {
                 "x": "735",
                 "y": "591"
                },
                {
                 "x": "735",
                 "y": "579"
                }
               ]
              },
              "languages": [
               {
                "languageCode": "ru",
                "confidence": 0.9198747277
               }
              ],
              "text": "Город",
              "confidence": 0.9198747277,
              "entityIndex": "-1"
             },
             {
              "boundingBox": {
               "vertices": [
                {
                 "x": "742",
                 "y": "579"
                },
                {
                 "x": "742",
                 "y": "591"
                },
                {
                 "x": "795",
                 "y": "591"
                },
                {
                 "x": "795",
                 "y": "579"
                }
               ]
              },
              "languages": [
               {
                "languageCode": "ru",
                "confidence": 0.9198747277
               }
              ],
              "text": "Москва,",
              "confidence": 0.9198747277,
              "entityIndex": "-1"
             },
             {
              "boundingBox": {
               "vertices": [
                {
                 "x": "798",
                 "y": "578"
                },
                {
                 "x": "798",
                 "y": "591"
                },
                {
                 "x": "1020",
                 "y": "591"
                },
                {
                 "x": "1020",
                 "y": "578"
                }
               ]
              },
              "languages": [
               {
                "languageCode": "ru",
                "confidence": 0.9198747277
               }
              ],
              "text": "ул. Средняя Калитниковская, д. 28,",
              "confidence": 0.9198747277,
              "entityIndex": "-1"
             },
             {
              "boundingBox": {
               "vertices": [
                {
                 "x": "1023",
                 "y": "578"
                },
                {
                 "x": "1023",
                 "y": "591"
                },
                {
                 "x": "1048",
                 "y": "591"
                },
                {
                 "x": "1048",
                 "y": "578"
                }
               ]
              },
              "languages": [
               {
                "languageCode": "ru",
                "confidence": 0.9198747277
               }
              ],
              "text": "стр.",
              "confidence": 0.9198747277,
              "entityIndex": "-1"
             },
             {
              "boundingBox": {
               "vertices": [
                {
                 "x": "1051",
                 "y": "578"
                },
                {
                 "x": "1051",
                 "y": "592"
                },
                {
                 "x": "1057",
                 "y": "592"
                },
                {
                 "x": "1057",
                 "y": "578"
                }
               ]
              },
              "languages": [
               {
                "languageCode": "ru",
                "confidence": 0.9198747277
               }
              ],
              "text": "4",
              "confidence": 0.9198747277,
              "entityIndex": "-1"
             }
            ],
            "confidence": 0.9198747277
           }
          ]
         }
        ],
        "width": "1080",
        "height": "607"
       }
      ]
     }
    }
   ]
  }
 ]
}
